{
  "IcoMoonType": "selection",
  "icons": [
    {
      "icon": {
        "paths": [
          "M286.052 155.826c0 71.922-58.304 130.226-130.226 130.226s-130.226-58.304-130.226-130.226c0-71.922 58.304-130.226 130.226-130.226s130.226 58.304 130.226 130.226z",
          "M286.052 512c0 71.922-58.304 130.226-130.226 130.226s-130.226-58.304-130.226-130.226c0-71.922 58.304-130.226 130.226-130.226s130.226 58.304 130.226 130.226z",
          "M286.052 868.173c0 71.922-58.304 130.226-130.226 130.226s-130.226-58.304-130.226-130.226c0-71.922 58.304-130.226 130.226-130.226s130.226 58.304 130.226 130.226z",
          "M642.226 155.826c0 71.922-58.304 130.226-130.226 130.226s-130.226-58.304-130.226-130.226c0-71.922 58.304-130.226 130.226-130.226s130.226 58.304 130.226 130.226z",
          "M642.226 512c0 71.922-58.304 130.226-130.226 130.226s-130.226-58.304-130.226-130.226c0-71.922 58.304-130.226 130.226-130.226s130.226 58.304 130.226 130.226z",
          "M642.226 868.173c0 71.922-58.304 130.226-130.226 130.226s-130.226-58.304-130.226-130.226c0-71.922 58.304-130.226 130.226-130.226s130.226 58.304 130.226 130.226z",
          "M998.404 155.826c0 71.922-58.304 130.226-130.226 130.226s-130.226-58.304-130.226-130.226c0-71.922 58.304-130.226 130.226-130.226s130.226 58.304 130.226 130.226z",
          "M998.404 512c0 71.922-58.304 130.226-130.226 130.226s-130.226-58.304-130.226-130.226c0-71.922 58.304-130.226 130.226-130.226s130.226 58.304 130.226 130.226z",
          "M998.404 868.173c0 71.922-58.304 130.226-130.226 130.226s-130.226-58.304-130.226-130.226c0-71.922 58.304-130.226 130.226-130.226s130.226 58.304 130.226 130.226z"
        ],
        "attrs": [
          {
            "fill": "none",
            "strokeLinejoin": "miter",
            "strokeLinecap": "butt",
            "strokeMiterlimit": "4",
            "strokeWidth": 51.2
          },
          {
            "fill": "none",
            "strokeLinejoin": "miter",
            "strokeLinecap": "butt",
            "strokeMiterlimit": "4",
            "strokeWidth": 51.2
          },
          {
            "fill": "none",
            "strokeLinejoin": "miter",
            "strokeLinecap": "butt",
            "strokeMiterlimit": "4",
            "strokeWidth": 51.2
          },
          {
            "fill": "none",
            "strokeLinejoin": "miter",
            "strokeLinecap": "butt",
            "strokeMiterlimit": "4",
            "strokeWidth": 51.2
          },
          {
            "fill": "none",
            "strokeLinejoin": "miter",
            "strokeLinecap": "butt",
            "strokeMiterlimit": "4",
            "strokeWidth": 51.2
          },
          {
            "fill": "none",
            "strokeLinejoin": "miter",
            "strokeLinecap": "butt",
            "strokeMiterlimit": "4",
            "strokeWidth": 51.2
          },
          {
            "fill": "none",
            "strokeLinejoin": "miter",
            "strokeLinecap": "butt",
            "strokeMiterlimit": "4",
            "strokeWidth": 51.2
          },
          {
            "fill": "none",
            "strokeLinejoin": "miter",
            "strokeLinecap": "butt",
            "strokeMiterlimit": "4",
            "strokeWidth": 51.2
          },
          {
            "fill": "none",
            "strokeLinejoin": "miter",
            "strokeLinecap": "butt",
            "strokeMiterlimit": "4",
            "strokeWidth": 51.2
          }
        ],
        "grid": 0,
        "tags": [
          "menu"
        ]
      },
      "attrs": [
        {
          "fill": "none",
          "strokeLinejoin": "miter",
          "strokeLinecap": "butt",
          "strokeMiterlimit": "4",
          "strokeWidth": 51.2
        },
        {
          "fill": "none",
          "strokeLinejoin": "miter",
          "strokeLinecap": "butt",
          "strokeMiterlimit": "4",
          "strokeWidth": 51.2
        },
        {
          "fill": "none",
          "strokeLinejoin": "miter",
          "strokeLinecap": "butt",
          "strokeMiterlimit": "4",
          "strokeWidth": 51.2
        },
        {
          "fill": "none",
          "strokeLinejoin": "miter",
          "strokeLinecap": "butt",
          "strokeMiterlimit": "4",
          "strokeWidth": 51.2
        },
        {
          "fill": "none",
          "strokeLinejoin": "miter",
          "strokeLinecap": "butt",
          "strokeMiterlimit": "4",
          "strokeWidth": 51.2
        },
        {
          "fill": "none",
          "strokeLinejoin": "miter",
          "strokeLinecap": "butt",
          "strokeMiterlimit": "4",
          "strokeWidth": 51.2
        },
        {
          "fill": "none",
          "strokeLinejoin": "miter",
          "strokeLinecap": "butt",
          "strokeMiterlimit": "4",
          "strokeWidth": 51.2
        },
        {
          "fill": "none",
          "strokeLinejoin": "miter",
          "strokeLinecap": "butt",
          "strokeMiterlimit": "4",
          "strokeWidth": 51.2
        },
        {
          "fill": "none",
          "strokeLinejoin": "miter",
          "strokeLinecap": "butt",
          "strokeMiterlimit": "4",
          "strokeWidth": 51.2
        }
      ],
      "properties": {
        "order": 4,
        "id": 2,
        "name": "menu",
        "prevSize": 32
      },
      "setIdx": 0,
      "setId": 3,
      "iconIdx": 0
    },
    {
      "icon": {
        "paths": [
          "M977.45 741.004v139.636c0.056 12.963-2.602 25.791-7.796 37.669-5.19 11.878-12.809 22.542-22.36 31.302-9.551 8.765-20.829 15.439-33.108 19.591s-25.293 5.693-38.205 4.529c-143.225-15.565-280.809-64.507-401.687-142.895-112.46-71.466-207.808-166.814-279.271-279.273-78.663-121.429-127.616-259.678-142.895-403.55-1.163-12.871 0.367-25.843 4.492-38.091s10.755-23.503 19.469-33.047c8.713-9.545 19.318-17.172 31.14-22.393s24.602-7.925 37.525-7.937h139.636c22.589-0.222 44.488 7.777 61.615 22.506s28.315 35.184 31.476 57.552c5.894 44.687 16.824 88.563 32.582 130.793 6.263 16.66 7.618 34.766 3.906 52.172s-12.336 33.384-24.851 46.039l-59.113 59.112c66.26 116.528 162.745 213.012 279.271 279.274l59.113-59.113c12.656-12.516 28.635-21.141 46.043-24.851 17.403-3.714 35.51-2.36 52.168 3.905 42.231 15.756 86.109 26.689 130.793 32.582 22.612 3.188 43.259 14.578 58.024 32 14.76 17.422 22.602 39.661 22.035 62.487z"
        ],
        "attrs": [
          {
            "fill": "none",
            "strokeLinejoin": "round",
            "strokeLinecap": "round",
            "strokeMiterlimit": "4",
            "strokeWidth": 46.54545454545455
          }
        ],
        "grid": 0,
        "tags": [
          "phone"
        ]
      },
      "attrs": [
        {
          "fill": "none",
          "strokeLinejoin": "round",
          "strokeLinecap": "round",
          "strokeMiterlimit": "4",
          "strokeWidth": 46.54545454545455
        }
      ],
      "properties": {
        "order": 3,
        "id": 1,
        "name": "phone",
        "prevSize": 32
      },
      "setIdx": 0,
      "setId": 3,
      "iconIdx": 1
    },
    {
      "icon": {
        "paths": [
          "M510.368 0c17.11 3.402 34.841 5.758 51.639 10.468 96.748 28.003 158.029 96.309 164.562 182.412 0 1.57 0.625 3.141 0.937 6.281 4.352 0 8.709 0 12.754 0 41.062 0 82.437 0 123.5 0 25.508 0 37.955 9.421 40.443 30.62 8.397 78.513 16.486 157.287 24.576 235.8 9.953 93.43 19.907 187.121 29.86 280.551 4.977 45.804 11.51 91.602 13.998 137.4 2.493 47.109-23.951 83.226-68.434 110.177-35.154 21.202-75.284 29.839-118.523 29.839-155.546-0.266-311.397 0-466.939 0-48.84 0-97.37 1.306-146.21-0.527-61.595-2.094-112.302-23.552-148.076-66.995-24.576-29.834-27.064-63.334-22.709-98.401 9.021-72.494 15.865-145.249 23.331-218.004 7.466-71.45 15.243-142.634 22.709-214.081 6.844-63.334 13.377-126.667 19.91-190.001 0.311-2.879 0.311-6.020 0.933-8.898 3.111-18.32 15.243-27.48 37.641-27.741 41.686-0.262 83.060 0 124.745 0 4.666 0 9.333 0 14.31 0 1.867-31.144 9.021-59.932 25.509-86.626 39.197-62.025 99.858-98.664 181.984-110.18 3.422-0.523 6.844-1.309 10.266-2.094 15.554 0 31.419 0 47.285 0zM246.257 256.476c-38.263 0-74.971 0-112.302 0-0.311 2.094-0.933 3.664-0.933 5.496-9.333 89.505-18.976 179.271-28.309 268.778-12.132 116.721-24.264 233.708-36.708 350.428-2.178 21.458 6.222 39.255 23.020 54.697 26.131 23.552 59.728 31.667 96.748 31.667 199.094 0.261 398.497 0.261 597.594 0 22.395 0 43.863-3.139 64.394-11.515 32.66-13.348 61.281-41.876 55.685-78.515-3.425-21.98-4.982-44.488-7.158-66.734-8.090-78.515-16.486-157.286-24.576-235.802-9.334-88.457-18.662-177.177-27.996-265.635-1.869-17.534-4.045-35.069-5.908-52.342-37.955 0-74.972 0-112.614 0 0 3.664 0 6.804 0 9.683 0 25.386 0.312 50.771-0.312 75.896-0.312 15.964-15.242 27.741-33.597 27.48-17.731-0.262-32.041-11.777-32.973-27.218-0.312-5.234 0-10.73 0-15.964 0-23.292 0-46.584 0-69.877-116.347 0-231.136 0-346.86 0 0 2.617 0 4.711 0 6.543 0 25.909 0.311 52.080 0 77.989-0.311 16.75-14.932 28.788-33.597 28.527-18.354 0-32.353-12.039-32.975-28.003-0.311-4.973 0-9.945 0-14.918-0.622-23.554-0.622-46.846-0.622-70.662zM659.999 198.638c-4.357-54.697-32.666-96.571-88.658-123.003-60.662-28.526-121.946-26.433-180.119 5.496-49.462 27.218-74.66 67.259-77.771 117.508 116.034 0 230.825 0 346.547 0z"
        ],
        "attrs": [],
        "width": 973,
        "grid": 0,
        "tags": [
          "shop"
        ]
      },
      "attrs": [],
      "properties": {
        "order": 2,
        "id": 0,
        "name": "shop",
        "prevSize": 32
      },
      "setIdx": 0,
      "setId": 3,
      "iconIdx": 2
    }
  ],
  "height": 1024,
  "preferences": {
    "showGlyphs": true,
    "showQuickUse": true,
    "showQuickUse2": true,
    "showSVGs": true,
    "fontPref": {
      "prefix": "icon-",
      "metadata": {
        "fontFamily": "icomoon"
      },
      "metrics": {
        "emSize": 1024,
        "baseline": 6.25,
        "whitespace": 50
      },
      "embed": false
    },
    "imagePref": {
      "prefix": "",
      "png": true,
      "useClassSelector": true,
      "color": 0,
      "bgColor": 16777215,
      "classSelector": ".icon",
      "name": "icomoon",
      "height": 32,
      "columns": 16,
      "margin": 16
    },
    "historySize": 50,
    "showCodes": true,
    "gridSize": 16
  }
}